annee,population,conso_totale_mm3,production_totale_mm3,nb_centres
2030,3752427,11.551665159487968,,96
2035,4451506,13.153974335991288,,96
2040,5399844,15.609742789244873,,96
2045,6721919,18.44863226079449,,96
2050,8618055,22.68599798086397,,96
